"tweet_id","username","full_name","full_text","view_count","bookmark_count","favorite_count","reply_count","retweet_count","quote_count","is_quote_status","lang","bookmarked","favorited","retweeted","created_at","user_mentions","can_dm","can_media_tag","bio","website","followers_count","following_count","media_count","statuses_count","favourites_count","listed_count","fast_followers_count","normal_followers_count","followed_by","following","location","profile_banner_url","profile_url","avatar_url","verified","is_blue_verified","user_created_at"
"1293716451522560000","Slasher","Rod Breslau","if Riot never rescinded their LEC NEOM sponsorship I don't see BLAST ever doing the same. Riot employees, LoL casters, and CSGO casters deserve all the praise for standing up for their beliefs, not to the executives who signed off on the deal to begin with https://t.co/M7WnV8uwas",0,2,984,6,46,1,false,"en",false,false,false,"2020-08-13","",true,true,"world's #1 certified gaming insider esports consultant master of the metaverse internet culture expert

SIGNAL: 919-SLASHER / SlasherRB@protonmail.com","http://www.facebook.com/Breslau",375985,16314,3297,46454,51254,1543,0,375985,,true,"Manhattan, NY","https://pbs.twimg.com/profile_banners/19040580/1579815605","https://www.twitter.com/Slasher","https://pbs.twimg.com/profile_images/1302273661836161025/hVtAOayY_normal.jpg",false,false,"2009-01-15"
"1288667916087562240","JacobWolf","Jacob Wolf","Crazy how much reputation the #LEC lost for partnering with NEOM in the first place. It was arguably the most respect pro league by Western fans in the League of Legends space — as the #LCS has struggled to catch up — but seems a lot of that flew out the window today.",0,3,1505,28,50,4,true,"en",false,false,false,"2020-07-30","",false,true,"award-winning investigative reporter, filmmaker and podcaster • listen to ‘Visionaries’: https://t.co/NY51wkhpSi • founder and ceo @overcome • formerly @espn","https://www.patreon.com/JacobWolfMikhailKlimentov?utm_source=twitter&utm_medium=social",79031,4721,8205,73552,73647,613,0,79031,,true,"Austin, TX","https://pbs.twimg.com/profile_banners/336548480/1682113515","https://www.twitter.com/JacobWolf","https://pbs.twimg.com/profile_images/1345823330016915457/RUEHo1m-_normal.jpg",false,true,"2011-07-16"
"1288953507492618242","JacobWolf","Jacob Wolf","Regarding speculation that #LEC teams having voting power in league-wide sponsorships, they do not, sources told ESPN. Teams were notified of the NEOM deal but did not have a say for or against. 

https://t.co/d1cWqwVvSK",0,1,248,5,20,6,false,"en",false,false,false,"2020-07-30","",false,true,"award-winning investigative reporter, filmmaker and podcaster • listen to ‘Visionaries’: https://t.co/NY51wkhpSi • founder and ceo @overcome • formerly @espn","https://www.patreon.com/JacobWolfMikhailKlimentov?utm_source=twitter&utm_medium=social",79031,4721,8205,73552,73647,613,0,79031,,true,"Austin, TX","https://pbs.twimg.com/profile_banners/336548480/1682113515","https://www.twitter.com/JacobWolf","https://pbs.twimg.com/profile_images/1345823330016915457/RUEHo1m-_normal.jpg",false,true,"2011-07-16"
"1625140182499352576","NOHEATED","NOHEATED🇺🇦","@MShadov @erasus_dk @MmX_A_ @G2esports @CarlosR @HooXiCSGO New CEO not better tbh. The guy was responsible for the LEC Neom deal","46",0,0,1,0,0,false,"en",false,false,false,"2023-02-13","MShadov; erasus_dk; MmX_A_; G2esports; CarlosR; HooXiCSGO",true,false,"","",92,1673,567,5509,51220,1,0,92,,,"Ukraine, Dnipro","https://pbs.twimg.com/profile_banners/2415687317/1671117156","https://www.twitter.com/NOHEATED","https://pbs.twimg.com/profile_images/1513801011625873410/UTY6PpfA_normal.jpg",false,false,"2014-03-16"
"1288994390552252418","MShent1238","Shent🐀","@iiLoVE18 @PoliticsAndMem2 @VewNizion @BGBFG14 @Kalytis_ @LEC @NEOM When u try to logically engage fundamentally illogical argument = u lost

When you waste your time on homophobes = u lost",0,0,0,1,0,0,false,"en",false,false,false,"2020-07-31","iiLoVE18; LEC; NEOM",true,true,"what it says on the tin","",73,576,112,8161,73445,0,0,73,,,"","https://pbs.twimg.com/profile_banners/841756176639492099/1522094254","https://www.twitter.com/MShent1238","https://pbs.twimg.com/profile_images/978360163366264833/Z4jE2_Fp_normal.jpg",false,false,"2017-03-14"
"1288613638945660933","Lexandviolets","🖤heathen burger gf🖤","@Tweeb1999 @Fenstick @TehHero117 @LEC @NEOM Not supporting any side. That's the easy way out. Some if us don't have a choice. You can try and play both sides then.",0,0,2,0,0,0,false,"en",false,false,false,"2020-07-30","Fenstick; TehHero117; LEC; NEOM",false,true,"✨she/her♀️Reploid chef🍔feel-good anime🖼️non-stop gaming👾slut 4 SAtAN😈🍆💦😍queer af🌈🏳️‍⚧️🦄Domme💜⛓✨","",37,268,90,929,1773,0,0,37,,,"Nowhere, CO","https://pbs.twimg.com/profile_banners/889193719403995137/1650387447","https://www.twitter.com/Lexandviolets","https://pbs.twimg.com/profile_images/1429537288074129409/5Nt6_htm_normal.jpg",false,false,"2017-07-23"
"1334440632182562816","KappaChiino","Money (Taken)","@AfterLose @LEC @NEOM I went back to see the comments on this post, idk why, but man. You guys are sick in the head.",0,0,0,0,0,0,false,"en",false,false,false,"2020-12-03","LEC; NEOM",false,true,"Doing my own thing #alwaysfnatic 🟠⚫️ Banger tweets ONLY… I think ❤️Stef❤️","https://twitch.tv/kappaachiino",26,642,224,1138,14578,2,0,26,,,"Los Angeles, CA","https://pbs.twimg.com/profile_banners/867800070166650880/1630259553","https://www.twitter.com/KappaChiino","https://pbs.twimg.com/profile_images/1478079349765156867/54dIFxE1_normal.png",false,false,"2017-05-25"
"1400506808649850883","Geccobear","Gecco 🏳️‍🌈","I don't know if it's just me... but seeing all these orgs changing their icons to rainbow colors sometimes feels like a big ""fuck you"" considering the everyday discrimination they ignore. It's only big scandals like the LEC NEOM partnership that forces reactions.",0,0,12,1,1,0,false,"en",false,false,false,"2021-06-03","",true,false,"🦄 Ace | she/her | @DieWoeWe | Goaelfe 🧚 mit Frauenproblemen🍸 |  Rapperin | Moderatorin | Barbier | tba","",292,315,226,2550,1785,0,0,292,,,"Zamonien","https://pbs.twimg.com/profile_banners/4309673129/1672097378","https://www.twitter.com/Geccobear","https://pbs.twimg.com/profile_images/1603764199078887424/TYnSTTHh_normal.jpg",false,false,"2015-11-28"
"1573480441654693888","PrizeZepir","AM","@xghozin @Mayerdynn @Hughsie28 @LEC @NEOM you literally made all that up",0,0,0,0,0,0,false,"en",false,false,false,"2022-09-24","Mayerdynn; Hughsie28; LEC; NEOM",false,true,"","",0,29,9,474,13206,2,0,0,,,"",,"https://www.twitter.com/PrizeZepir","https://abs.twimg.com/sticky/default_profile_images/default_profile_normal.png",false,false,"2015-06-18"
"1309434719218667520","DariusExMachina","Darius","ngl, I think it‘s omegacringe how everyone was outraged at the #LEC NEOM deal, but no one bats an eye about the fact that PSG are sponsored by the state of Qatar, responsible for thousands of slave deaths within the last 5 years + having the same practice towards LGBTQ+ folk",0,2,554,61,42,12,false,"en",false,false,false,"2020-09-25","",true,true,"Manga, Yugioh, Esports. In that order. Working on a new venture. Previously @FellowKidsGG, @S04Esports and Founder @TheShotcallerGG. He/Him","",7757,1346,3894,46939,238231,52,0,7757,,,"Berlin, Germany","https://pbs.twimg.com/profile_banners/2780205828/1609155622","https://www.twitter.com/DariusExMachina","https://pbs.twimg.com/profile_images/1547897808522338305/6a91Wr3b_normal.jpg",false,false,"2014-08-30"
"1288989274474348545","IWDominate","Christian Rivera","Regarding the segment on the LEC and NEOM, I did not speculate on what the Talent team should/shouldn't do.  I simply asked if we lose one of our best casters (Frosk) because of the statements and then deferred to my co-host and his opinion as someone who works as a caster.",0,1,2137,37,25,3,false,"en",false,false,false,"2020-07-31","",true,true,"LCS Veteran and Streamer | Watch me at https://t.co/YMhOruIgnH and https://t.co/xNDXGDpaTg | Business Inquiries to IWDominate.business@gmail.com","http://www.YouTube.com/IWDominateLoL",288736,1044,2191,28103,6572,710,0,288736,,,"Austin, TX","https://pbs.twimg.com/profile_banners/431889730/1659436871","https://www.twitter.com/IWDominate","https://pbs.twimg.com/profile_images/1562498801939746816/ivGj72LY_normal.jpg",false,true,"2011-12-08"
"1288696219129323520","TroZrat","Sami","@Alpha_Canem @LEC @NEOM Move to mars or something we don't need you here.",0,0,1,1,0,0,false,"en",false,false,false,"2020-07-30","Alpha_Canem; LEC; NEOM",true,true,"Master Illaoi OTP | Retired SSBU player, known for once having 100% winrate against @Plup_Club’s Peach | Owner of @Giant_Rats #GORATS","https://www.op.gg/summoners/euw/TroZ",132,2690,325,6604,28733,1,0,132,,,"22 he/him","https://pbs.twimg.com/profile_banners/1099190918870114304/1627750655","https://www.twitter.com/TroZrat","https://pbs.twimg.com/profile_images/1572975812877459458/53-ETBJ8_normal.jpg",false,false,"2019-02-23"
"1288714142610853888","RuneblowEX","The Satella Guy","@Nuyxo @Tweeb1999 @Fenstick @TehHero117 @LEC @NEOM I'm not taking any sides here but what about pedos and zoophiles?",0,0,1,0,0,0,false,"en",false,false,false,"2020-07-30","Nuyxo; Fenstick; TehHero117; LEC; NEOM",true,false,"#3 @ShakuTweet fan. Vice commander of the Shaku fanclub/cult.
Just your average 24 y/o sperg. Katarina is bae ❤ - Mid/Support Main","https://www.twitch.tv/RuneblowEX",546,2349,3246,51505,221005,6,0,546,,,"The Omnitard#4027 M 6'2"" (7"")","https://pbs.twimg.com/profile_banners/2459854267/1648876483","https://www.twitter.com/RuneblowEX","https://pbs.twimg.com/profile_images/1586284916261748739/VaCL8ZwQ_normal.jpg",false,false,"2014-04-23"
"1288715575234105344","RuneblowEX","The Satella Guy","@Nuyxo @Tweeb1999 @Fenstick @TehHero117 @LEC @NEOM fair enough, cant say ur wrong on that one",0,0,3,0,0,0,false,"en",false,false,false,"2020-07-30","Nuyxo; Fenstick; TehHero117; LEC; NEOM",true,false,"#3 @ShakuTweet fan. Vice commander of the Shaku fanclub/cult.
Just your average 24 y/o sperg. Katarina is bae ❤ - Mid/Support Main","https://www.twitch.tv/RuneblowEX",546,2349,3246,51505,221005,6,0,546,,,"The Omnitard#4027 M 6'2"" (7"")","https://pbs.twimg.com/profile_banners/2459854267/1648876483","https://www.twitter.com/RuneblowEX","https://pbs.twimg.com/profile_images/1586284916261748739/VaCL8ZwQ_normal.jpg",false,false,"2014-04-23"
"1288687149152235522","LewdPrune","The Lewd One","@MikeHakansson @MeLlamanTamara_ @LEC @riotgames Neom is a city being built, the pet project of the Saudi Arabian Prince. So yes, it basically is the government for all intents and purposes except in business speak.",0,0,29,1,0,0,false,"en",false,false,false,"2020-07-30","MikeHakansson; MeLlamanTamara_; LEC; riotgames",false,true,"I play games. Sometimes I have friends.","",13,99,7,820,10402,0,0,13,,,"Washington","https://pbs.twimg.com/profile_banners/2154263634/1599385132","https://www.twitter.com/LewdPrune","https://pbs.twimg.com/profile_images/1456901920480587776/YMnMa65w_normal.jpg",false,false,"2013-10-25"
"1327001879805562889","TheSeraphmin","Seraphnyan 🏳️‍⚧️ 🩷💜💙🐙","honestly riot has done some stupid and controversial things in the past, just look at the LEC neom fiasco, but now there's a genuine personal reason for why Seraphine is a terrible idea, and they really should just take the L on this",0,0,0,0,0,0,false,"en",false,false,false,"2020-11-12","",true,true,"Aria || She/They || Trans, Bi, Poly, Open || 23 || Free to DM || Declared Horny on Main by Audit || Likes may be 🔞 || Icon by @beeblebeebs","",139,1715,2235,37180,119533,4,0,139,,,"Scotland","https://pbs.twimg.com/profile_banners/3392892113/1638569338","https://www.twitter.com/TheSeraphmin","https://pbs.twimg.com/profile_images/1395451822798671874/nPzFlGC9_normal.jpg",false,false,"2015-07-29"
"1485968100348796931","coachaarsh","aarsh ⁉️","so is esl australia now also owned by saudi arabia? is this not literally the exact same issue as LEC and NEOM man how are we not learning from our past",0,0,7,1,0,0,false,"en",false,false,false,"2022-01-25","",false,true,"23 | maths major | Head Coach @GroundZeroOCE 2023| Business enquiries: aarshnagpal@hotmail.com priv: @aarshnocoach","",543,1114,1068,5143,61986,2,0,543,,,"Gold Coast, Aus","https://pbs.twimg.com/profile_banners/2388601182/1674278886","https://www.twitter.com/coachaarsh","https://pbs.twimg.com/profile_images/1569905092559765504/5cKFpt_-_normal.jpg",false,false,"2014-03-14"
"1298723896041107456","Am_GDOo","مچيد","@Fenstick @TehHero117 @LEC @NEOM Any change in your country ?",0,0,0,0,0,0,false,"en",false,false,false,"2020-08-26","Fenstick; TehHero117; LEC; NEOM",true,false,"Remember, the greatest failure is not to try","",644,566,2883,33856,631,7,0,644,,,"( Kat cunning ) 🖤","https://pbs.twimg.com/profile_banners/2571686258/1615931275","https://www.twitter.com/Am_GDOo","https://pbs.twimg.com/profile_images/1371941316813262850/p6hRIueo_normal.jpg",false,false,"2014-06-16"
"1288662956083904522","OvisGotACup","Matt","@Embrslol @Hotdynamixxx @Kalytis_ @LEC @NEOM Sorry mate what was that about twitter posts being meaningless LOL",0,0,0,1,0,0,false,"en",false,false,false,"2020-07-30","Embrslol; Hotdynamixxx; LEC; NEOM",false,false,"he/him","",24,170,237,2108,15555,0,0,24,,,"","https://pbs.twimg.com/profile_banners/844995938640953344/1631596230","https://www.twitter.com/OvisGotACup","https://pbs.twimg.com/profile_images/1569364587631316992/R5oysj6b_normal.jpg",false,false,"2017-03-23"
"1485727911579734019","geometric","Geo","Don’t get me wrong, I understand that all companies really care about is money. But this reminds me a lot of the LEC NEOM deal. The war of wanting the Middle East’s money but not wanting their social stances may cause a rift in the esports world.",0,1,569,5,5,1,false,"en",false,false,false,"2022-01-24","",true,true,"☆Welcome to the geoverse | agents: geo@csa.gg☆","https://linktr.ee/geocollins",44299,1292,3012,30917,53188,110,0,44299,,,"London, UK","https://pbs.twimg.com/profile_banners/349362960/1687961514","https://www.twitter.com/geometric","https://pbs.twimg.com/profile_images/1682800932138958849/IGbxdfxn_normal.jpg",false,false,"2011-08-06"
"1293456376363089920","abdulelah11cc","Saul not goodMan","@Rex21H @LEC @NEOM We are great people idk why people are attacking us",0,0,1,0,0,0,false,"en",false,false,false,"2020-08-12","LEC; NEOM",false,false,"Gaming journalist 
I identify as an ambulance. 
My pronouns are wee/woo
Anti socialist communist 
Anti Hindu 
Sharia law enjoyer
Everythingphobic","",42,142,43,310,15679,0,0,42,,,"No","https://pbs.twimg.com/profile_banners/804751943574884352/1480703260","https://www.twitter.com/abdulelah11cc","https://pbs.twimg.com/profile_images/1516482582292140038/vh5ffEPW_normal.jpg",false,false,"2016-12-02"
"1573536506467287040","719_kenny","Kenny","@Archer2014UBW @DzDiegoRosales @Perkz The thing is Riots public image still isn't very good but they're actually getting quite a bit better at rectifying bad PR (sure it would be better to prevent entirely but baby steps) remember the LEC/Neom disaster...they shut that down REAL quick",0,0,0,0,0,0,false,"en",false,false,false,"2022-09-24","Archer2014UBW; Dzdiegorosales; Perkz",true,true,"","",63,680,95,5066,10934,0,0,63,,,"Sheridan, IL","https://pbs.twimg.com/profile_banners/548667467/1358218763","https://www.twitter.com/719_kenny","https://pbs.twimg.com/profile_images/1450224077441015809/TN1WlIE8_normal.jpg",false,false,"2012-04-08"
"1288696778100035584","TroZrat","Sami","@DavGreed @LEC @NEOM How close-minded can a person be...",0,0,1,0,0,0,false,"en",false,false,false,"2020-07-30","DavGreed; LEC; NEOM",true,true,"Master Illaoi OTP | Retired SSBU player, known for once having 100% winrate against @Plup_Club’s Peach | Owner of @Giant_Rats #GORATS","https://www.op.gg/summoners/euw/TroZ",132,2690,325,6604,28733,1,0,132,,,"22 he/him","https://pbs.twimg.com/profile_banners/1099190918870114304/1627750655","https://www.twitter.com/TroZrat","https://pbs.twimg.com/profile_images/1572975812877459458/53-ETBJ8_normal.jpg",false,false,"2019-02-23"
"1288986071087407106","DariusExMachina","Darius","The entire #LEC Broadcast team, including members I couldnt add to these screenshots, have come out to say that they wouldve declined to appear on broadcast unless the NEOM deal was revoked - putting their jobs on the line.

The LEC Show is in good hands. All the power to them 🙌 https://t.co/7vQqlwOzE5",0,1,659,7,72,8,false,"en",false,false,false,"2020-07-31","",true,true,"Manga, Yugioh, Esports. In that order. Working on a new venture. Previously @FellowKidsGG, @S04Esports and Founder @TheShotcallerGG. He/Him","",7757,1346,3894,46939,238231,52,0,7757,,,"Berlin, Germany","https://pbs.twimg.com/profile_banners/2780205828/1609155622","https://www.twitter.com/DariusExMachina","https://pbs.twimg.com/profile_images/1547897808522338305/6a91Wr3b_normal.jpg",false,false,"2014-08-30"
"1288931564139827210","Towobix3","t🗿wobi","@L9Commander @crescend0ll @linczernorbi @LEC @NEOM I wonder if you are baiting or you actually don't understand the point",0,0,1,1,0,0,false,"en",false,false,false,"2020-07-30","L9Commander; crescend0ll; LEC; NEOM",false,true,"society 😒
lean 💜","",1,124,0,14,659,0,0,1,,,"",,"https://www.twitter.com/Towobix3","https://pbs.twimg.com/profile_images/1434835545025392644/Yn8xqeaM_normal.jpg",false,false,"2020-03-24"
"1288813521212448769","daveekh","Dav","@xuser117 @cs__lol @LEC neom partnership was not right because they are controlled by saudi arabia government which murders people. not because they're muslim.",0,0,8,0,0,0,false,"en",false,false,false,"2020-07-30","xuser117; cs__lol; LEC",false,true,"","",19,141,56,2791,108161,2,0,19,,,"",,"https://www.twitter.com/daveekh","https://pbs.twimg.com/profile_images/1633529875448356872/tqAV7DyU_normal.jpg",false,false,"2014-02-03"
"1533482347236040704","VeteranEU","Veteran","From an article about NEOM and the fallout of their LEC deal going wrong:

https://t.co/2CLCbzRJP1 https://t.co/GAdHxxK2Im",0,4,172,9,17,1,false,"en",false,false,false,"2022-06-05","",true,true,"🇬🇧  | LEC/ERL League of Legends expert, does everything. | DM for Coaching","https://allmylinks.com/veteraneu",23964,2194,7270,86936,19378,160,0,23964,,,"London, England","https://pbs.twimg.com/profile_banners/399667930/1558895328","https://www.twitter.com/VeteranEU","https://pbs.twimg.com/profile_images/1259562702495760387/pOQqazVy_normal.png",false,true,"2011-10-27"
"1288746844386992129","hobbit667","Киберкотлет-любитель","@LEC @NEOM LEC got money from LGBTQ+ and now getting money from company against those. Nothing personal, just business.",0,0,1,0,0,0,false,"en",false,false,false,"2020-07-30","LEC; NEOM",false,true,"Good mood destroyer","http://vk.com/hobbit667",113,55,527,9305,1725,0,0,113,,,"Kazakhstan",,"https://www.twitter.com/hobbit667","https://pbs.twimg.com/profile_images/1363533796126113794/sSwARvhC_normal.jpg",false,false,"2010-02-16"
"1298623587792945153","dog69999","dog69.eth ⎷","@LEC @NEOM has entered the chat",0,0,0,0,0,0,false,"en",false,false,false,"2020-08-26","LEC; NEOM",true,true,"NA Challenger Corgi | Peak 132 LP","http://op.gg",64,715,42,2929,11900,2,0,64,,,"Galapagos Island","https://pbs.twimg.com/profile_banners/1121795078823874560/1642650669","https://www.twitter.com/dog69999","https://pbs.twimg.com/profile_images/1575252292344942600/GmbrARs3_normal.jpg",false,false,"2019-04-26"
"1288872063676100617","deadeg0","Myth","@yougainbrouzouf @aolibai @DavGreed @LEC @NEOM As a Muslim, facts.",0,0,1,0,0,0,false,"en",false,false,false,"2020-07-30","yougainbrouzouf; aolibai; DavGreed; LEC; NEOM",false,true,"","",10,117,7,453,4490,1,0,10,,,"",,"https://www.twitter.com/deadeg0","https://pbs.twimg.com/profile_images/1592196029666967555/k6Qrch_o_normal.jpg",false,false,"2014-03-22"
"1608846293094510594","SirRubixx","Sir Rubixx","@LordParasit @CarlosR guess you forgot about the LEC NEOM deal which was reversed because of community outrage.","354",0,9,0,0,0,false,"en",false,false,false,"2022-12-30","LordParasit; CarlosR",false,true,"Work until you no longer have to introduce yourself. Passionate about esports, if you want unbiased opinions on @TeamLiquid you came to the wrong place.","",143,293,362,7615,7570,1,0,143,,,"boring place in Canada","https://pbs.twimg.com/profile_banners/414407454/1489394148","https://www.twitter.com/SirRubixx","https://pbs.twimg.com/profile_images/900861669156564993/0ERVk_j0_normal.jpg",false,false,"2011-11-17"
"1288737997802868737","SerioeseSeekuh","Pandapolice 🇩🇪","honestly i dont care if people hate me for this tweet but some things have to be said.

Fuck you if you are the kind of people that post under the "" lec neom"" posts with ""what about china"".

pls just fuck off or make urself noticeable so i can block all of you",0,0,3,1,0,0,false,"en",false,false,false,"2020-07-30","",false,true,"Toplane refugee & Kayle/Skarner enthusiast
reads lots novels/manga in free time
shitposts occasionally
M, 25
Dm's always open
Discord: Kay#4211","",147,719,1098,10831,26970,2,0,147,,,"Esch, Deutschland","https://pbs.twimg.com/profile_banners/374662168/1596376106","https://www.twitter.com/SerioeseSeekuh","https://pbs.twimg.com/profile_images/1565660281006686209/6eT4NUyT_normal.jpg",false,false,"2011-09-16"
"1288828710687313921","moataz_magdy3","Revenger 🫡🪖 2 months left ⌛️","@mohamadaladham @Aminopiou @Veigar_v2 @WufOwO u think neom would care about attacking LGBT or something!? business is business, lec/neom care about money nothing more, ppl just used their imagination and expected the future that neom from country so they will try their hardest to kill who is against Islam rules xd",0,0,0,1,0,0,false,"en",false,false,false,"2020-07-30","MohamadAladham; Aminopiou; Veigar_v2",true,true,"Mid laner 

CO-Founder at @3bl_esports

one of the best Vlad players 🧛 

Challenger s7/s8/s9 

Don't take me seriously in SoloQ

👑 Zamalek 👑","",823,423,288,2977,19991,1,0,823,,,"","https://pbs.twimg.com/profile_banners/1236781600442068994/1646171437","https://www.twitter.com/moataz_magdy3","https://pbs.twimg.com/profile_images/1668946596917047297/UrDlLQHJ_normal.jpg",false,false,"2020-03-08"
"1288994244322119681","OvisGotACup","Matt","@iiLoVE18 @MShent1238 @PoliticsAndMem2 @BGBFG14 @Kalytis_ @LEC @NEOM Please take it somewhere else it’s over, you and the other guy lost already because they sponsorship was ended",0,0,0,0,0,0,false,"en",false,false,false,"2020-07-31","iiLoVE18; MShent1238; LEC; NEOM",false,false,"he/him","",24,170,237,2108,15555,0,0,24,,,"","https://pbs.twimg.com/profile_banners/844995938640953344/1631596230","https://www.twitter.com/OvisGotACup","https://pbs.twimg.com/profile_images/1569364587631316992/R5oysj6b_normal.jpg",false,false,"2017-03-23"
"1288715374779699201","ZAK_robloxer","Justeenotherguy","@TomEvilEye @LEC @NEOM Dont dig up old facts just coz they are muslims. Ur being an anti muslim karen now go play league politics are too much for u",0,0,2,0,0,0,false,"en",false,false,false,"2020-07-30","LEC; NEOM",true,true,"imagine looking up someone just because they commented on ur post","https://www.instagram.com/justeenotherguy/",19,94,249,1610,10643,1,0,19,,,"","https://pbs.twimg.com/profile_banners/813905572311416832/1632572730","https://www.twitter.com/ZAK_robloxer","https://pbs.twimg.com/profile_images/1496068332822302722/oMOCY1ch_normal.jpg",false,false,"2016-12-28"
"1293428544245309442","blacksh40182773","Van Der landie","@Daythehut @TehHero117 @LEC @NEOM I’ll tell you what’s  no longer ok when your country comes to mine saying there’s terrorists there and they need to face them but instead they team up under the table and steals our oil the same mf thing happened to Iraq and Afghanistan",0,0,0,0,0,0,false,"en",false,false,false,"2020-08-12","Daythehut; TehHero117; LEC; NEOM",true,false,"الحياة وسط","",0,23,173,1646,72,0,0,0,,,"","https://pbs.twimg.com/profile_banners/1192630895565508611/1589870071","https://www.twitter.com/blacksh40182773","https://pbs.twimg.com/profile_images/1365993378396200961/we_2NN6y_normal.jpg",false,false,"2019-11-08"
"1407011692379312133","FrankieWard","Frankie","The reason this has suddenly reemerged was because I spoke out when he attacked Froskurinn for speaking out against the LEC/Neom deal.

And yes, I was a hypocrite because of the jobs that I did, but I said I would be different moving forward and so far I have been.",0,0,537,5,2,0,false,"en",false,false,false,"2021-06-21","",false,true,"Gaming host, renovator, Aoife the Baby fan club
frankie@csa.gg","http://www.getfrank.co.uk",85470,3013,3669,48790,118156,350,0,85470,,,"Cedar Creek Power Plant","https://pbs.twimg.com/profile_banners/15137026/1650383342","https://www.twitter.com/FrankieWard","https://pbs.twimg.com/profile_images/1642218674068025344/NPpij56t_normal.jpg",false,false,"2008-06-16"
"1288977094727176193","TravisGafford","Travis Gafford","The LEC casters all said they would not appear on the LEC broadcast this weekend if the NEOM sponsorship continued.",0,0,753,3,23,1,true,"en",false,false,false,"2020-07-31","",true,true,"Independent content creator and interviewer. Lover of League of Legends and Magic: The Gathering. Ran @YahooEsports, Former @GameSpot. Running TGI.","https://linktr.ee/TravisGafford",166548,367,5835,32258,29521,920,0,166548,,,"Los Angeles, CA","https://pbs.twimg.com/profile_banners/348278208/1534789345","https://www.twitter.com/TravisGafford","https://pbs.twimg.com/profile_images/1290071421545091073/7VCB1FW6_normal.jpg",false,false,"2011-08-04"
"1288727113449779200","BeccaCHenry","Becca Henry","Cancelling the Neom deal is a huge win for Riot and #LEC fans, but it didnt need to happen in the first place. It’s a real indication that Riot needs more diversity in the senior leadership team and approvals process. This should have not gone up the chain without red flags.",0,1,1105,10,32,1,false,"en",false,false,false,"2020-07-30","",false,true,"Comms for @g2esports . Horror Junkie, Hoth resident, dog petter","https://www.instagram.com/becca.henry/",10201,884,2030,16326,10116,89,0,10201,,,"Berlin","https://pbs.twimg.com/profile_banners/141011564/1680119873","https://www.twitter.com/BeccaCHenry","https://pbs.twimg.com/profile_images/1415249796634394625/_AZu-Sz2_normal.jpg",false,false,"2010-05-07"
"1288839272687120385","TheMoConceptual","Cachinhos dourados","@Alpha_Canem @LEC @NEOM @LEC  as you can see, we got the message :)",0,0,1,0,0,0,false,"en",false,false,false,"2020-07-30","Alpha_Canem; LEC; NEOM; LEC",true,true,"rogerio é o meu heroi","",15,371,103,1524,11731,0,0,15,,,"Na praça vendendo cigarro","https://pbs.twimg.com/profile_banners/933062131540549632/1651857297","https://www.twitter.com/TheMoConceptual","https://pbs.twimg.com/profile_images/1250366004229701632/XOhbnwSb_normal.jpg",false,false,"2017-11-21"
"1703341064357130676","dumon_antoine","KC Antzoiinz","@Elioww_ @Tw22too @_blakcpink_ @Faaast_life @Zoxistyle Oui bah c’est juste un prétexte, si c’est faze ils refuseront à cause de l’instabilité économique et pour Navi ça sera l’instabilité politique. Je te rappelle qu’il y a quelque mois la LEC signait un contrat avec neom","162",0,0,1,0,0,false,"fr",false,false,false,"2023-09-17","Elioww_; Tw22too; _blakcpink_; Faaast_life; Zoxistyle",false,true,"","",19,174,33,305,808,2,0,19,,,"","https://pbs.twimg.com/profile_banners/1192157207724474368/1665056252","https://www.twitter.com/dumon_antoine","https://pbs.twimg.com/profile_images/1641826387378991106/c51Aghps_normal.jpg",false,false,"2019-11-06"
"1417965436205879296","flextaperapper","Crazy Fag From Lazy Town","@RazLCS @RisenLazarus I wonder if dignitas is okay with the famine in Yemen or apartheid in Palestine now that they financially benefit from those. First it was the LEC NEOM partnership now this? I wonder how many other teams are partnered or are considering partnering with bigots and war criminals?",0,0,5,0,1,0,false,"en",false,false,false,"2021-07-21","RisenLazarus",false,true,"Blue check

Black Trans Lives matter","",176,1283,139,238685,223962,4,0,176,,,"United States","https://pbs.twimg.com/profile_banners/2807758891/1690939209","https://www.twitter.com/flextaperapper","https://pbs.twimg.com/profile_images/1359827144952619008/S99bOZhn_normal.jpg",false,false,"2014-09-13"
"1309545894392606729","AuxhLoL","Michael","@DariusExMachina ngl, I think it‘s omegacringe how everyone was outraged at the #LEC NEOM deal, but no one bats an eye about the fact that S04 are sponsored by the state of Russia, responsible for thousands of political deaths within the last 5 years + having the same practice towards LGBTQ+ folk",0,0,0,0,0,0,false,"en",false,false,false,"2020-09-25","DariusExMachina",false,true,"European LoL enjoyer","",3,256,25,320,1021,0,0,3,,,"","https://pbs.twimg.com/profile_banners/1130131258791665664/1612404719","https://www.twitter.com/AuxhLoL","https://pbs.twimg.com/profile_images/1419765379803631620/Am-hakqS_normal.png",false,false,"2019-05-19"
"1288872884874559490","CapCasts","Cap","Having the courage to put your career on the line for a cause you believe in strongly enough is laudible. Very impressed with the talent of LEC and their handling of the NEOM situation.

It brings back up the idea of which battles I personally am willing to fight &amp; what I am not",0,0,239,2,2,0,false,"en",false,false,false,"2020-07-30","",true,true,"Commentator, host, analyst, and interviewer for DotA 2. Voice actor. Discord - https://t.co/JteA0s8TrA
CapCasts@gmail.com","https://www.capcasts.com/",92704,905,1943,25478,25399,660,0,92704,,,"Los Angeles, CA","https://pbs.twimg.com/profile_banners/938707458/1653278207","https://www.twitter.com/CapCasts","https://pbs.twimg.com/profile_images/1699450913931542528/HT6YKVz6_normal.jpg",false,false,"2012-11-10"
"1289058815753637888","21_Thorsten","Thorsten","Well boys, my dogshit internet finally allowed me to upload! Shoutout to the LEC crew for the stance they took! 

Here it is!! 

When the LEC Partners with NEOM https://t.co/GOisU5Z3D8",0,1,89,2,3,1,false,"en",false,false,false,"2020-07-31","",true,true,"Odins beard and Thor’s ass |  https://t.co/eltrR3U6P7 |Business Inquiries: Thorsten21business@gmail.com","",826,44,149,734,861,0,0,826,,,"",,"https://www.twitter.com/21_Thorsten","https://pbs.twimg.com/profile_images/1514641727138635776/F2s9prpD_normal.jpg",false,false,"2020-02-04"
"1485712541955276804","hoffasaurusx","Michael Hassall","10x worse than the LEC NEOM stuff",0,0,0,0,0,0,true,"en",false,false,false,"2022-01-24","",true,true,"Freelance writer & editor / Content editor & contributor for https://t.co/Vr8o1kPKEy  / Former MOBA editor at @HotspawnEsports/ Guides at @FanbyteMedia / D&D Nerd","https://esports.gg/author/hoffasaurus/",1674,3428,924,13833,29848,13,0,1674,,,"Birmingham, England","https://pbs.twimg.com/profile_banners/24364820/1667023967","https://www.twitter.com/hoffasaurusx","https://pbs.twimg.com/profile_images/1549501601752260614/frPvTfda_normal.jpg",false,false,"2009-03-14"
"1495481231668133890","TPB_Robonyzer","Rob","Reminiscent of the LEC Neom situation. I expect an entirely negative reaction from fans, on air talent, and anyone except Ubisoft higher ups who want the money. The location will be changed, and if it isn’t it will be a PR disaster with fans and on air talent boycotting.",0,0,2,0,0,1,true,"en",false,false,false,"2022-02-20","",false,true,"I tweet about Movies, Siege, and #LCS | Uplay: Rob- | #TLWin | Letterboxd: https://t.co/nWBtcDv3EA | He/Him","",76,164,14,321,2851,0,0,76,,,"Michigan, USA","https://pbs.twimg.com/profile_banners/789231792096149504/1647368671","https://www.twitter.com/TPB_Robonyzer","https://pbs.twimg.com/profile_images/1365325232811212805/hiN1fr-3_normal.jpg",false,false,"2016-10-20"
"1289400689592999937","kirbee57","athena 🆓🇭🇰","When LEC announced the NEOM partnership, everyone spoke up. I hope they do the same again because
1. this is putting players and talent's health at stake, since we have no way of knowing what the real COVID numbers are there
2. Uighur concentration camps &amp; oppression on Hong Kong",0,0,6,4,3,0,true,"en",false,false,false,"2020-08-01","",true,false,"EN/粵/한 | Kirbee Kama @ Sargatanas | USC Data Science '24 | banner by @tarotoro0 | 煲底見 #MilkTeaAlliance #FreeHongKong tweets are my own","http://twitch.tv/kirbee57",485,965,375,6453,70448,5,0,485,,,"Alhambra, CA","https://pbs.twimg.com/profile_banners/838870019962507266/1644283685","https://www.twitter.com/kirbee57","https://pbs.twimg.com/profile_images/1584029341817544704/rcrhiZI5_normal.jpg",false,false,"2017-03-06"
"1288650473730433025","Wickdlol","Wickd","#LEC ended the partnership with NEOM.

Perhaps what I suggested wasn't so crazy and would have worked. No idea if anyone took that position, but the partnership did end.",0,0,80,5,1,1,true,"en",false,false,false,"2020-07-30","",true,true,"Gaming Content Creator

https://t.co/YlEq3KOpGn
https://t.co/udihApoVpi
https://t.co/oY9WVKwEyT

Email for Business Inquiries: Wickdstreaming@gmail.com","https://www.wickd.gg/",82601,1875,2118,18256,7302,390,0,82601,,,"Denmark","https://pbs.twimg.com/profile_banners/613592902/1643510118","https://www.twitter.com/Wickdlol","https://pbs.twimg.com/profile_images/1466504602753409027/9GwKqHE__normal.jpg",false,false,"2012-06-20"
"1300905574003912704","aurahack","Aura","Remember the LEC x Neom thing? People inside the house made -lots- of noise. https://t.co/tnkMpYhT3O

I hope y'all take lesson from it.",0,0,41,1,2,0,false,"en",false,false,false,"2020-09-01","",false,false,"illustrator + design 🔺 🏳️‍⚧️ 🔺 she/her 🔺 💍 @kuraine 🔺 #AscariZone 🔺 bunny suit ""enthusiast"" 🔺 https://t.co/qllb77yQL0 🔺 mail: hello @ https://t.co/XoFwWGrzk0","http://patreon.com/aurahack",109222,1360,8635,108406,7086,844,0,109222,,,"【Vancouver】【大阪】【Montréal】","https://pbs.twimg.com/profile_banners/39927968/1676489734","https://www.twitter.com/aurahack","https://pbs.twimg.com/profile_images/1591221710980014080/iFTPN-G5_normal.jpg",false,false,"2009-05-14"
"1520513554297851910","vepascanu","Vlad Pascanu","After how outraged the community was after the LEC NEOM deal, and how good if felt to push them back, this feels like a kick in the gut.",0,0,1,0,0,0,true,"en",false,false,false,"2022-04-30","",true,true,"","",32,977,24,268,26246,1,0,32,,,"Cluj-Napoca, România","https://pbs.twimg.com/profile_banners/392770665/1481068451","https://www.twitter.com/vepascanu","https://pbs.twimg.com/profile_images/1216413661503348741/ndEFVw48_normal.jpg",false,false,"2011-10-17"
"1485908604440002561","ChimoEsport","Chimo","@kelanwatling @Nymaera I wish this dilemma would come up, but honestly I rarely think it does. Just look at LEC Neom deal, or Blast Neom. The Blast Neom was insanely terrible.",0,0,1,1,0,0,false,"en",false,false,false,"2022-01-25","Nymaera",true,true,"not just following vtubers anymore due to changes, I now also follow league content again. 
Student-BSc International Business in Asia Japan","",110,585,464,7582,74152,0,0,110,,,"Danmark","https://pbs.twimg.com/profile_banners/816668993473937408/1641369198","https://www.twitter.com/ChimoEsport","https://pbs.twimg.com/profile_images/1531884887271165953/2VbZNjhY_normal.jpg",false,false,"2017-01-04"
"1288708482087243776","followdunc","TSM DUNC","You know when something says “hot - do not touch” but you can’t help yourself so you quickly touch it, thinking you’ll be fine. But you actually get burnt. 

LEC and Neom.",0,0,31,1,0,0,false,"en",false,false,false,"2020-07-30","",true,true,"Head of Global Social @TSM » contact: dcox@solomid.net » 💍 @cox_tor » 🇬🇧","http://twitch.tv/tsm_dunc",12743,993,2853,33936,39775,31,0,12743,,,"Cornwall, United Kingdom","https://pbs.twimg.com/profile_banners/912252284574294016/1690210177","https://www.twitter.com/followdunc","https://pbs.twimg.com/profile_images/1701875631607201792/vdVB_ovc_normal.jpg",false,true,"2017-09-25"
"1288997497570865153","eSportsKingBets","eSportsKing.com","LEC Ends NEOM Partnership After Community Backlash

#BLAST #CSGO #LeagueofLegends #LEC #NEOM #RiotGames https://t.co/E8W5f79EVe",0,0,0,0,0,0,false,"en",false,false,false,"2020-07-31","",false,true,"eSports Betting Sites, News and Guides","https://esportsking.com",491,260,10,211,231,1,0,491,,,"Mars","https://pbs.twimg.com/profile_banners/1053520264665821184/1540014834","https://www.twitter.com/eSportsKingBets","https://pbs.twimg.com/profile_images/1274948626289061888/BgDZNgv3_normal.jpg",false,false,"2018-10-20"
"1289626837899853824","CoomersNexus","CoomersNexus","@husam7172 @LixeLaBrioche @LEC @NEOM If so then your culture is incompatible with capitalism, modernization and progressivism. Trust me, this issue is significant enough that no amount of oil money can cover it up. Either Saudi Arabia will change it's barbarity or it will be the downfall of the nation.",0,1,1,0,0,0,false,"en",false,false,false,"2020-08-01","LixeLaBrioche; LEC; NEOM",false,true,"Leading Authority in Eating Cum
https://t.co/k1AqjfOjxN
Manamax and spear books","http://perchthemerch.co",106,841,1578,9917,18732,2,0,106,,,"getting Ara Ara by Onee-san",,"https://www.twitter.com/CoomersNexus","https://pbs.twimg.com/profile_images/1251603872474214401/9iiiTDC7_normal.jpg",false,false,"2014-08-28"
"1288726632807596032","TheEsportsIndia","Esports News","The LEC ends NEOM Partnership! #LEC #NEOM #leagueoflegends #esports #news 
https://t.co/tTcOX26CfN",0,0,0,0,0,0,false,"en",false,false,false,"2020-07-30","",false,true,"Bringing Esports News Around The World to Indians As Well as Bringing Indian Esports News to The World | Find us at https://t.co/OElvzH2034 | Good Luck Have Fun","",47,136,35,547,341,0,0,47,,,"","https://pbs.twimg.com/profile_banners/1279537286145691648/1596091409","https://www.twitter.com/TheEsportsIndia","https://pbs.twimg.com/profile_images/1288726846788366336/I8P_QRug_normal.jpg",false,false,"2020-07-04"
"1288574636733734913","_Viaurelia","Aurelie Waeterinckx","@LEC @NEOM I've been waiting for years to see G2 lose to underdogs again, and now that I'm all hyped you're forcing me to stop watching LEC. No gg wp for you 🙄",0,0,0,0,0,0,false,"en",false,false,false,"2020-07-29","LEC; NEOM",true,true,"Setting? Brussels. My Skies are filled with Cinema, PR, Tech, Data Protection & Esports. GDPR doesn't cover cats. Opinions are my own. Spokesperson at
@APD_GBA","https://be.linkedin.com/in/aureliewaeterinckx",1273,2470,2525,14535,41854,65,0,1273,,,"Brussels, Belgium","https://pbs.twimg.com/profile_banners/1975881355/1433842121","https://www.twitter.com/_Viaurelia","https://pbs.twimg.com/profile_images/429318413094105088/cWX-PYsL_normal.jpeg",false,false,"2013-10-20"
"1288855400985628673","Magus_sama","ℒ𝓊𝓁𝓊 𝐵𝑒𝓁𝓁 𝒞𝒶𝓇𝓇𝒾𝓃𝑔𝓉𝑜𝓃","@LEC @NEOM Even if gaming/esport there must be lgbt stuff, it's almost like an obsession for the lgbt community. Can't u just enjoy gaming without sexual orientations ??",0,0,1,0,0,0,false,"en",false,false,false,"2020-07-30","LEC; NEOM",false,true,"Gamer Girl - Hapiness is a bitter sweet. How to trust and enjoy it is the problem. seems like a temporary illusion. feels empty.","",47,299,95,3219,14377,1,0,47,,,"","https://pbs.twimg.com/profile_banners/1201912621/1657933004","https://www.twitter.com/Magus_sama","https://pbs.twimg.com/profile_images/1669587673667837953/u-BncL88_normal.jpg",false,false,"2013-02-20"
"1288704744211480577","hisaira","saira ✿","It’s one thing to rightfully hate a regime but a whole other thing to hate on all arabic people. It’s really heartbreaking to see the amount of islamophobia, xenophobia and flat out racism the LEC+NEOM deal topic has brought out. reminds me to not read twitter comments 😔",0,0,2,0,0,0,false,"en",false,false,false,"2020-07-30","",true,false,"hi, it's me! ♡ • coffee-fueled ui/ux designer 💭 • just a casual complainer • your friendly neighbourhood hobbit • i like ghibli, games + cats. • 🌿","",558,408,339,4563,22407,1,0,558,,,"the shire","https://pbs.twimg.com/profile_banners/3238873653/1691483054","https://www.twitter.com/hisaira","https://pbs.twimg.com/profile_images/1704405745502941184/YBufNMY2_normal.jpg",false,false,"2015-05-06"
"1288847753431457793","padrman","Peadar","LEC cancel the NEOM partnership and now the Saudi state won't be buying Newcastle United.

Not a bad day",0,0,27,0,0,0,false,"en",false,false,false,"2020-07-30","",true,true,"Socials @RoyalRavens / @KOIxENG

I collect stupid things with my money. he/him","https://twitch.tv/padrman",2331,893,3768,41147,104824,14,0,2331,,,"Éire 🇮🇪 ","https://pbs.twimg.com/profile_banners/981381530/1689495322","https://www.twitter.com/padrman","https://pbs.twimg.com/profile_images/1590420660945297408/RPuOu-sy_normal.jpg",false,false,"2012-11-30"
"1571318150074859520","MedicCasts","Medic","@KidRonnie_ @LordZuip @CuratorRex @koyukixd @CarlosR I agree with you. I think casters have more power than they think. However, years of conditioning/understanding that Riot is their only job leads to thinking that power is limited (which it is because of new casters coming in). LEC casters stood against NEOM, but doing it again..",0,0,168,3,2,0,false,"en",false,false,false,"2022-09-18","KidRonnie_; LordZuip; CuratorRex; koyukixd; CarlosR",true,true,"Team BDS Ambassador 
Doctor turned Freelance Caster
#LEC 
Ex- Hades any heat WR holder
mediccastsbusiness@gmail.com","http://instagram.com/mediccasts",145372,745,4581,36829,81364,579,0,145372,,,"Berlin, Germany","https://pbs.twimg.com/profile_banners/1678939310/1686580666","https://www.twitter.com/MedicCasts","https://pbs.twimg.com/profile_images/1656963206886174722/ipTt2o-L_normal.jpg",false,false,"2013-08-17"
"1288658347688734721","Voyboy","Joedat","Proud of everyone in the community who stood up in solidarity against the injustices of NEOM. Even though it never should have happened in the first place, good on the LEC for decisively cancelling the partnership.",0,5,3354,38,93,5,true,"en",false,false,false,"2020-07-30","",true,true,"@Twitch Streamer and #LCS Veteran. https://t.co/vt7jolykXD The Professor. Champion. Inquiries: professorvoy@gmail.com IG/FB/YT/SC: Voyboy","https://www.youtube.com/LoLVoyboy",322876,2841,1585,12708,23113,816,0,322876,,,"","https://pbs.twimg.com/profile_banners/386650599/1622228242","https://www.twitter.com/Voyboy","https://pbs.twimg.com/profile_images/1420248146282573829/COqArY5v_normal.jpg",false,false,"2011-10-07"
"1485922557215842305","Heyitsmedunk","Dunk, The King of Florida/Commentator","@varceeful I think the only way to get a decent response is for an entire community wide pushback (i.e LEC and NEOM) otherwise you'll have a couple martyrs that go down for their own morals

And that's hard when the bag is undeniably there.",0,0,2,1,0,0,false,"en",false,false,false,"2022-01-25","varceeful",true,true,"Just a kid - soon to be the GOAT. | Commentator for DBFZ, SF6 and Project L| Have you beat GO1 in tournament yet? | daniel.dada.05@gmail.com

- WUOT Champion","http://twitch.tv/heyitsmedunk",692,1089,1381,17596,39132,13,0,692,,,"London, England","https://pbs.twimg.com/profile_banners/1118059502035701760/1684316522","https://www.twitter.com/Heyitsmedunk","https://pbs.twimg.com/profile_images/1698789033885810688/wevMusy6_normal.jpg",false,false,"2019-04-16"
"1291447699762421760","InvenGlobal","Inven Global","[#LEC] Rioters responsible for LEC NEOM deal reassured ""they did nothing wrong"", reports say: 

https://t.co/LWd3N8JNXO",0,0,15,0,3,0,false,"en",false,false,false,"2020-08-06","",true,true,"Veterans in esports and video game focused journalism | Coverage in League of Legends, Super Smash Bros, and More!","http://invenglobal.com",23819,1843,9552,20685,22648,245,0,23819,,,"","https://pbs.twimg.com/profile_banners/771264461025849344/1646088818","https://www.twitter.com/InvenGlobal","https://pbs.twimg.com/profile_images/1441483288808353792/YjFMQw8t_normal.jpg",false,false,"2016-09-01"
"1290362807574306819","FTWImad","FTW with Imad Khan","Today, LEC report @Matthieist jumps on to talk the #LEC and Neom deal and the league's involvement with China and @ArinMJ, editor in chief of the Esports Bar Association Journal, discusses the antitrust hearings and what it could mean for esports. 

https://t.co/awtfAsu6fI",0,0,5,0,3,3,false,"en",false,false,false,"2020-08-03","ArinMJ",false,true,"The latest in esports at the same time every week. New episodes every Monday. A part of the @DotEsports Podcast Network. Host: @Imad","https://linktr.ee/FTWImad",119,315,2,117,80,0,0,119,,,"","https://pbs.twimg.com/profile_banners/1243302486343024640/1618845683","https://www.twitter.com/FTWImad","https://pbs.twimg.com/profile_images/1384159842915389440/bf1377Hk_normal.jpg",false,false,"2020-03-26"
"1288770583019376640","NoahGamesDesign","Noah","@Red_Fr0st @SkinSpotlights There is a very clear difference. 

LEC &amp; Tencent:
Tencent own Riot Games, which owns League of Legends, which owns LoL Esports, which owns the LEC. 

LEC &amp; Neom: 
LEC's main sponsor would have been Neom. 

At the end of the day, it is incredibly hard to do something about -",0,0,6,1,0,0,false,"en",false,false,false,"2020-07-30","Red_Fr0st; SkinSpotlights",true,true,"allegedly threw up in a multi million pound apartment

making terrible games since 2019 (Someone hire me please) 

https://t.co/Ltz7hAQdUl","http://noahrigden.com",598,720,4146,25942,23952,7,0,598,,,"londonion ","https://pbs.twimg.com/profile_banners/853428096/1685302592","https://www.twitter.com/NoahGamesDesign","https://pbs.twimg.com/profile_images/1680191338468261891/MpCrGUN1_normal.jpg",false,false,"2012-09-29"
"1289276762736799746","MnmzzzCS","Mnmzzz - Jeff 🇺🇦","Reminder that while public outrage forced @LEC to drop their sponsorship with NEOM, @BLASTPremier has slipped through the cracks and seemingly plan to continue working with NEOM.

Definitely feel like there should be more outrage directed at them.",0,0,35,2,4,0,true,"en",false,false,false,"2020-07-31","LEC; BLASTPremier",true,true,"Senior Editor @dust2us | Managing Editor @blix_gg | Admin @LiquipediaCS | Host @max_rounds_30 | @uiowa Alumni | DMs always open","https://mnmzzz.journoportfolio.com/",4515,1179,1285,8375,8938,30,0,4515,,,"Columbus, GA","https://pbs.twimg.com/profile_banners/2980538812/1544922612","https://www.twitter.com/MnmzzzCS","https://pbs.twimg.com/profile_images/1338328057589993472/1TY5pOQj_normal.jpg",false,false,"2015-01-15"
"1288958410809958400","InvenGlobal","Inven Global","[#LEC] ‘On blood and bones’: the truth behind NEOM, @LEC ‘s short-lived partner.

✍️ @GGNydrA #LoLesports 

https://t.co/KuRkrknnQf",0,0,18,0,4,1,false,"en",false,false,false,"2020-07-30","LEC; GGNydrA",true,true,"Veterans in esports and video game focused journalism | Coverage in League of Legends, Super Smash Bros, and More!","http://invenglobal.com",23819,1843,9552,20685,22648,245,0,23819,,,"","https://pbs.twimg.com/profile_banners/771264461025849344/1646088818","https://www.twitter.com/InvenGlobal","https://pbs.twimg.com/profile_images/1441483288808353792/YjFMQw8t_normal.jpg",false,false,"2016-09-01"
"1288792847144177664","helloaylee","Aylee 🟣","LEC Ends NEOM Partnership.",0,0,4,0,0,0,true,"en",false,false,false,"2020-07-30","",true,false,"Cheffe de projet SEO, RP @ohlalaprod // Ici ça tweet #gaming #manga, et musiques électroniques 🎶🎉 //","https://tvtime.com/r/2Tf4j",2844,646,3781,32625,35758,268,0,2844,,,"France","https://pbs.twimg.com/profile_banners/960401053/1670361084","https://www.twitter.com/helloaylee","https://pbs.twimg.com/profile_images/1679120321738166272/Eo9FNTR6_normal.jpg",false,false,"2012-11-20"
"1288659491676987393","ESPN_Esports","ESPN Esports","UPDATE: The #LEC announced late Wednesday that it was terminating its partnership with NEOM following backlash throughout the day from many LEC staff members.

https://t.co/MvXGxC18Ru",0,1,185,4,23,7,false,"en",false,false,false,"2020-07-30","",false,true,"The official Twitter handle of ESPN's esports coverage. We talk about esports. A lot.","http://espn.go.com/esports/",458258,251,10380,17583,459,1216,0,458258,,,"","https://pbs.twimg.com/profile_banners/4428161733/1591112743","https://www.twitter.com/ESPN_Esports","https://pbs.twimg.com/profile_images/885898496817213441/uTSuVEm6_normal.jpg",false,true,"2015-12-09"
"1289445298138304513","AlvaroPizarro","Alvaro","If you steal something and then give it back after everyone gets angry at you... Does it count?

Would you trust someone after they steal from you just because they gave it back when people got angry?

Didn’t think so. This should’ve never happened. #LEC #NEOM",0,0,0,0,0,0,true,"en",false,false,false,"2020-08-01","",false,true,"Productor. PUCP. He/Him. Juro solemnemente que mis intenciones no son buenas 😏🔥 🍐","http://Instagram.com/alvaro.pizarro",666,197,3111,73500,655,29,0,666,,,"Buenos Aires, Argentina","https://pbs.twimg.com/profile_banners/40158696/1576557902","https://www.twitter.com/AlvaroPizarro","https://pbs.twimg.com/profile_images/1634595953301680132/njKgQwD3_normal.jpg",false,false,"2009-05-15"
"1358596326464757760","parquesomedia","Parkes","I broke a number of stories based on a network I've been building for years, like Huni's Dignitas salary and its affect on their 2020 roster, furthering the story on the LEC Neom deal, various roster moves, and more.

Huni: https://t.co/wmy0XTwgXP
Neom: https://t.co/VLXwrI3Z3f",0,0,8,1,0,0,false,"en",false,false,false,"2021-02-08","",true,true,"Content producer @riotgames!! | Formerly @Upcomer, @InvenGlobal. | I ask questions and I tell stories. Hire me for photos!! | he/him","http://flickr.com/parqueso",2317,2100,1875,27356,104145,25,0,2317,,,"Los Angeles, CA","https://pbs.twimg.com/profile_banners/14465541/1620251552","https://www.twitter.com/parquesomedia","https://pbs.twimg.com/profile_images/1586647838934474752/86OfWOkR_normal.jpg",false,false,"2008-04-21"
"1430973655526387717","Thorin","Thorin","Riot apparently fucked with the lawyers repping women with a case against them.

Riot apparently told LEC NEOM deal was fine and just poorly messaged.

Blizzard are apparently shredding docs now they're under microscope.

Look at their actions not their words.",0,3,200,1,17,0,true,"en",false,false,false,"2021-08-26","",false,true,"The Esports Historian.
Partner https://t.co/7zEvebMoCg
Co-captain @LastFreeNation
10% off with code THORIN https://t.co/oCe03Eh3BI","https://linktr.ee/Thooorin",194012,2196,12696,118733,7,1043,0,194012,,,"North","https://pbs.twimg.com/profile_banners/73100160/1665923723","https://www.twitter.com/Thorin","https://pbs.twimg.com/profile_images/1660382088233644038/UE9ycx9P_normal.jpg",false,true,"2009-09-10"
"1288984315229921280","PiraTechnics","PiraTechnics","How in the actual hell could anyone's takeaway from the #LEC casters' stance on the NEOM debacle be that they are unprincipled??

They did the bravest thing possible - they refused to work a show until this horrible deal was undone.",0,0,127,3,3,1,true,"en",false,false,false,"2020-07-31","",true,true,"TTRPG Designer | LoL Shoutcaster | Teller of Stories
Filled with DETERMINATION! 
Biz: devin1younge@gmail.com 
He/Him. #BLM #StopAsianHate","https://ko-fi.com/piratechnics",17876,723,2916,35767,163122,162,0,17876,,,"Los Angeles, CA","https://pbs.twimg.com/profile_banners/1241813893/1664925440","https://www.twitter.com/PiraTechnics","https://pbs.twimg.com/profile_images/1272946403174518790/mZCllnge_normal.jpg",false,false,"2013-03-04"
"1292871833914671106","GGReconGaming","GGRecon","Following the #LEC x NEOM backlash, Riot is reportedly establishing an 'ethics committee'. #LeagueOfLegends https://t.co/apuUo8mDBm",0,0,2,0,0,0,false,"en",false,false,false,"2020-08-10","",true,false,"🎮 Keeping you up to date daily with MASSIVE gaming news, in-depth reviews, and exclusive content.
Make sure to follow to LVL up with us! 🔥
Link to socials👇","https://beacons.ai/ggrecon",16957,160,2351,8395,1199,26,0,16957,,,"","https://pbs.twimg.com/profile_banners/1186603395932659712/1605723240","https://www.twitter.com/GGReconGaming","https://pbs.twimg.com/profile_images/1349068187372040193/kXZ_FfA0_normal.jpg",false,true,"2019-10-22"
"1288851577105797121","FlizzyFletch","FlizzyFletch","Somewhere there's a partnership team that was SUPER excited about yesterday's #LEC/NEOM announcement.

I can't imagine the anxiety I would feel seeing the community reaction blow up in my face like that so fast.",0,0,9,0,0,0,false,"en",false,false,false,"2020-07-30","",true,true,"Director of Global Gaming Operations at @TheUSO. Doing gamer things with my gamer friends.","",2035,1710,882,15527,15434,24,0,2035,,,"Chicago","https://pbs.twimg.com/profile_banners/72649391/1512615112","https://www.twitter.com/FlizzyFletch","https://pbs.twimg.com/profile_images/1257709107878023168/EyCIIK6Q_normal.jpg",false,false,"2009-09-08"
"1289005571585105920","IWDominate","Christian Rivera","@Shakarez @Froskurinn I still don't see how the thumbnail is done in poor taste, it shows her dissatisfaction in the sponsorship with the LEC and NEOM as she was the person who spoke out against it and gained the most traction.",0,0,496,6,3,0,false,"en",false,false,false,"2020-07-31","Shakarez; Froskurinn",true,true,"LCS Veteran and Streamer | Watch me at https://t.co/YMhOruIgnH and https://t.co/xNDXGDpaTg | Business Inquiries to IWDominate.business@gmail.com","http://www.YouTube.com/IWDominateLoL",288736,1044,2191,28103,6572,710,0,288736,,,"Austin, TX","https://pbs.twimg.com/profile_banners/431889730/1659436871","https://www.twitter.com/IWDominate","https://pbs.twimg.com/profile_images/1562498801939746816/ivGj72LY_normal.jpg",false,true,"2011-12-08"
"1288795990993047552","Kaptajnmolen","Morten Jensen","It's really beyond me how bad Riot leadership is. 
How could they not have known how much this deal would backlash? For a company that constantly talks about how much they care about integrity, its seems rather foolish that they let this happen. #LEC #NEOM #Riot",0,0,0,0,0,0,false,"en",false,false,false,"2020-07-30","",true,true,"Never give up on your dreams!
Former founder and CEO of @TRICKED_esport now working with @skybox","",839,273,357,4672,3701,2,0,839,,,"Aalborg, Danmark","https://pbs.twimg.com/profile_banners/4524424047/1677616531","https://www.twitter.com/Kaptajnmolen","https://pbs.twimg.com/profile_images/892502149191667713/6J5m-bWc_normal.jpg",false,false,"2015-12-18"
"1485721188353683457","MartinOmes","Martin Omes","@Moses_FPS And FaceIt as well.

Insane.

We hopefully will see LEC/NEOM like blowback from the community again.",0,0,8,0,0,0,false,"en",false,false,false,"2022-01-24","Moses_FPS",true,true,"Logistics for @GamersOutreach. Commentator for @League1ON /Ontario Soccer. Also: @OXG_Esports  @BostonBreach @BostonUprising @ProBrawlhalla  GT:Voodooman","https://www.twitch.tv/v0odooman",2494,1149,2417,38030,17899,33,0,2494,,,"Toronto, Ontario","https://pbs.twimg.com/profile_banners/474212542/1686164510","https://www.twitter.com/MartinOmes","https://pbs.twimg.com/profile_images/1551734248972947457/fZAk3sPv_normal.jpg",false,false,"2012-01-25"
"1288839691165409282","crunchychocobo","WH40Keri Honea 📖 Cain's Last Stand","Me editing stories for @DailyEsportsGG:
G2 CEO speaks out against LEC partnership with NEOM
LEC retratracts NEOM partnership
BLAST announces sponsorship with NEOM

Pattern senses, tingling!",0,0,2,1,0,0,false,"en",false,false,false,"2020-07-30","DailyEsportsGG",false,false,"SEO Wizard, former damn dirty Western RPG reviewer, @wh40kbookclub co-founder, lore junkie, yoga teacher, and nuts about chocobo butts.","http://www.crunchychocobo.com",1240,1141,1120,48996,7291,95,0,1240,,,"Dallas, TX","https://pbs.twimg.com/profile_banners/1124531/1480526062","https://www.twitter.com/crunchychocobo","https://pbs.twimg.com/profile_images/1289226448763604992/0CHNcRt6_normal.jpg",false,false,"2007-03-13"
"1288981597459492865","ESPN_Esports","ESPN Esports","""I think what the broadcast talent did in setting the standard with an immediate response that put their jobs on the line is actually incredibly brave."" - @leagueofemily gives her thoughts on the #LEC's decision to abandon their partnership with NEOM.

📺: https://t.co/t96vEL7dav https://t.co/dinDnEAUAl",0,0,28,0,10,0,false,"en",false,false,false,"2020-07-31","leagueofemily",false,true,"The official Twitter handle of ESPN's esports coverage. We talk about esports. A lot.","http://espn.go.com/esports/",458258,251,10380,17583,459,1216,0,458258,,,"","https://pbs.twimg.com/profile_banners/4428161733/1591112743","https://www.twitter.com/ESPN_Esports","https://pbs.twimg.com/profile_images/885898496817213441/uTSuVEm6_normal.jpg",false,true,"2015-12-09"
"1288796607693991936","CestDommage","Jordan Checkman","I didn’t write really anything about LEC/NEOM but I am up at 4 AM so:

Started at:
Confused.
Nonplussed.
Curious.
Shocked.
Angry.
Hurt.
Expectant.
Annoyed.
Satiated.
Resigned.
^ Ended above

Someone high up had some bad math. Some denominators you just don’t use though.",0,0,3,0,0,0,false,"en",false,false,false,"2020-07-30","",true,false,"A temporarily embarrassed CDO. Design Lead, Motivations Initiative @LeagueofLegends.

I love cheap heat.","",3780,493,1451,18779,9134,31,0,3780,,,"New York, NY","https://pbs.twimg.com/profile_banners/15203865/1593218145","https://www.twitter.com/CestDommage","https://pbs.twimg.com/profile_images/1521547698855325697/dkWSvyaE_normal.jpg",false,false,"2008-06-23"
"1578077251882696712","shaymantim","Tim Crow","Search LEC + NEOM, or BLAST + NEOM Ricardo. Gamers’ views are out there. And watch out for when PIF buy a publisher outright - which they said they were going to do last month.",0,1,1,1,0,0,true,"en",false,false,false,"2022-10-06","",false,true,"Sports & esports business advisor | NED @cyclickal | Currently writing the first-ever biography of Clive Rice.","",6426,298,1635,13899,4498,179,0,6426,,,"Glastonbury","https://pbs.twimg.com/profile_banners/19900967/1647262643","https://www.twitter.com/shaymantim","https://pbs.twimg.com/profile_images/1159942419657502725/K-22GzDs_normal.jpg",false,false,"2009-02-02"
"1303044595475939328","Imad","Imad","Here's my latest for @DotEsports. I explain why there was anger over the #LEC Neom deal, but none towards China and its numerous human rights violations. 

If I missed anything, please let me know.

https://t.co/C758FWetRo

#Uighurs #UighurGenocide  #HongKong #Worlds2020",0,6,287,21,74,7,false,"en",false,false,false,"2020-09-07","DotEsports",true,true,"Google and AI reporter for @CNET. Past bylines: @nytimes, @washingtonpost & @tomsguide. @newmarkjschool alum. @aaja @sajahq & @NYVGCC member","https://muckrack.com/imad-khan",2547,1906,1082,14611,13602,49,0,2547,,,"New York, NY","https://pbs.twimg.com/profile_banners/16959064/1403284432","https://www.twitter.com/Imad","https://pbs.twimg.com/profile_images/1158740174588829697/W1CDTJzf_normal.jpg",false,false,"2008-10-25"
"1288952508342243336","ESPN_Esports","ESPN Esports","Sources say that the #LEC teams were notified of the NEOM partnership, but had no say in its approval or not.

https://t.co/VetggZgpG9",0,0,141,3,13,3,false,"en",false,false,false,"2020-07-30","",false,true,"The official Twitter handle of ESPN's esports coverage. We talk about esports. A lot.","http://espn.go.com/esports/",458258,251,10380,17583,459,1216,0,458258,,,"","https://pbs.twimg.com/profile_banners/4428161733/1591112743","https://www.twitter.com/ESPN_Esports","https://pbs.twimg.com/profile_images/885898496817213441/uTSuVEm6_normal.jpg",false,true,"2015-12-09"
"1291049783914889217","jfudge","James B Fudge","With all this talk about @BLASTPremier, #LEC, and #NEOM, I want to point out this article penned by @t0bs3n who explains why each org may have reacted the way they did. 

https://t.co/O01tkV2Yoz

(He's one of my fav academics and the other Tobias I love to work with)",0,1,13,1,0,1,false,"en",false,false,false,"2020-08-05","BLASTPremier; t0bs3n",true,true,"Co-founder/Editor, The Esports Advocate (@TEAdvocated).  Former Esports Editor @sbjsbd/@esportsobserved. Contact: jfudge@esportsadvocate.net.","https://esportsadvocate.net",1894,829,472,28627,32288,53,0,1894,,,"Berkshire County, Ma","https://pbs.twimg.com/profile_banners/15828915/1672631608","https://www.twitter.com/jfudge","https://pbs.twimg.com/profile_images/1547580792011759619/IlTctXUt_normal.jpg",false,true,"2008-08-12"
"1288656427477684224","Dexerto","Dexerto","The #LEC has canceled its partnership with NEOM just hours after it was announced. The backflip comes after a huge wave of community backlash over the deal.

https://t.co/Qfqqyv3jON",0,1,39,1,8,1,false,"en",false,false,false,"2020-07-30","",true,true,"Influencer, gaming, esports, and entertainment news.","https://www.dexerto.com/",647853,801,42359,109467,5002,1942,0,647853,,,"press[at]dexerto.com","https://pbs.twimg.com/profile_banners/76766018/1655740377","https://www.twitter.com/Dexerto","https://pbs.twimg.com/profile_images/1538912754555408385/bbTCYAck_normal.jpg",false,false,"2009-09-23"
"1291474874037342208","ESPN_Esports","ESPN Esports","Riot Games addressed the #LEC's partnership with NEOM and steps to prevent similar gaffes in the future in a company-wide call Thursday, ESPN's @JacobWolf has learned. Details: https://t.co/AHEp8c8XO2",0,0,57,2,4,2,false,"en",false,false,false,"2020-08-06","JacobWolf",false,true,"The official Twitter handle of ESPN's esports coverage. We talk about esports. A lot.","http://espn.go.com/esports/",458258,251,10380,17583,459,1216,0,458258,,,"","https://pbs.twimg.com/profile_banners/4428161733/1591112743","https://www.twitter.com/ESPN_Esports","https://pbs.twimg.com/profile_images/885898496817213441/uTSuVEm6_normal.jpg",false,true,"2015-12-09"
"1288913105850753024","EsportzNetwork","Esportz Network","Just 15 hours after announcing a partnership between @LEC and @NEOM, the partnership was called off. And it's all thanks to controversy and outrage from the #LEC esports community. 

https://t.co/ItpSBgx5Sq",0,0,7,1,0,1,false,"en",false,false,false,"2020-07-30","LEC; NEOM",true,true,"Official @EsportzNetwork Account 
🎮 Follow for Esports/Gaming updates, news, giveaways, Daily & Weekly Podcasts! 
🎥 Producer of @GamerHourShow","http://esportznetwork.com",2647,762,2137,4704,5378,13,0,2647,,,"","https://pbs.twimg.com/profile_banners/1090027706534653952/1578351377","https://www.twitter.com/EsportzNetwork","https://pbs.twimg.com/profile_images/1281737456350646272/DUqzBbEV_normal.jpg",false,false,"2019-01-28"
"1289031558607773696","InvenGlobal","Inven Global","[#LEC] The @LEC Broadcast crew put their jobs on the line to combat the Neom partnership. #LoLEsports

https://t.co/FqHQbOFQnh",0,0,179,5,18,1,false,"en",false,false,false,"2020-07-31","LEC",true,true,"Veterans in esports and video game focused journalism | Coverage in League of Legends, Super Smash Bros, and More!","http://invenglobal.com",23819,1843,9552,20685,22648,245,0,23819,,,"","https://pbs.twimg.com/profile_banners/771264461025849344/1646088818","https://www.twitter.com/InvenGlobal","https://pbs.twimg.com/profile_images/1441483288808353792/YjFMQw8t_normal.jpg",false,false,"2016-09-01"
"1302674343315595266","LauncherWP","Launcher","The LEC and NEOM was likely just the beginning. 

""Where individuals or brands take a stand may depend on their bank accounts.""
https://t.co/IYqj1epux7",0,0,2,0,0,0,false,"en",false,false,false,"2020-09-06","",true,false,"N-nani kore? The Washington Post is covering gaming culture.","https://www.washingtonpost.com/video-games/",16017,63,555,5735,1649,455,0,16017,,,"Capital Wasteland","https://pbs.twimg.com/profile_banners/1921350434/1570562710","https://www.twitter.com/LauncherWP","https://pbs.twimg.com/profile_images/1181736344793604096/IIWiAt03_normal.jpg",false,false,"2013-09-30"
"1291066165645570048","moonduckTV","moonduckTV","EP162 of the @TrentPax &amp; @ZyoriTV Podcast

TOPICS: omega league, sheepsticked, tier two blowouts, esl thailand, LEC and NEOM, t10 prize pool, arcana review &amp; ti10 arcana vote

audio: https://t.co/icNdo9AH2V

video: https://t.co/4A6cCI0i7x

spotify: https://t.co/k5BbI27WqQ",0,0,9,0,1,0,false,"en",false,false,false,"2020-08-05","TrentPax; ZyoriTV",true,true,"Virtual Studio and Talent Agency for Dota 2. Find us at https://t.co/9kAEwkc9j8.","http://moonduck.tv/",19210,61,894,2951,1220,130,0,19210,,,"United States","https://pbs.twimg.com/profile_banners/3432655593/1483403686","https://www.twitter.com/moonduckTV","https://pbs.twimg.com/profile_images/637309248230326272/cAVb1_YI_normal.jpg",false,false,"2015-08-20"
"1288662430441144321","jfudge","James B Fudge","Credit to all the @riotgames employees that stood up today against the @LEC / Neom announcement. That is not an easy thing to do when you take a stand against the company you work for. To its credit, Riot listened.  

https://t.co/pS1P4AsmRH",0,0,1,0,0,0,false,"en",false,false,false,"2020-07-30","riotgames; LEC",true,true,"Co-founder/Editor, The Esports Advocate (@TEAdvocated).  Former Esports Editor @sbjsbd/@esportsobserved. Contact: jfudge@esportsadvocate.net.","https://esportsadvocate.net",1894,829,472,28627,32288,53,0,1894,,,"Berkshire County, Ma","https://pbs.twimg.com/profile_banners/15828915/1672631608","https://www.twitter.com/jfudge","https://pbs.twimg.com/profile_images/1547580792011759619/IlTctXUt_normal.jpg",false,true,"2008-08-12"